Kode,Nama Emiten,Tanggal IPO,Tahun,Kode_YFinance
LCKM,PT LCK Global Kedaton Tbk,2018-01-16,2018,LCKM.JK
BOSS,PT Borneo Olah Sarana Sukses Tbk.,2018-02-15,2018,BOSS.JK
HELI,PT Jaya Trishindo Tbk,2018-03-27,2018,HELI.JK
JSKY,PT Sky Energy Indonesia Tbk.,2018-03-28,2018,JSKY.JK
INPS,PT Indah Prakasa Sentosa Tbk.,2018-04-06,2018,INPS.JK
GHON,PT Gihon Telekomunikasi Indonesia Tbk,2018-04-09,2018,GHON.JK
DFAM,PT Dafam Property Indonesia Tbk,2018-04-27,2018,DFAM.JK
NICK,PT Charnic Capital Tbk.,2018-05-02,2018,NICK.JK
BTPS,PT Bank BTPN Syariah Tbk.,2018-05-08,2018,BTPS.JK
SPTO,PT Surya Pertiwi Tbk,2018-05-14,2018,SPTO.JK
PRIM,PT Royal Prima Tbk.,2018-05-15,2018,PRIM.JK
HEAL,PT Medikaloka Hermina Tbk.,2018-05-16,2018,HEAL.JK
TRUK,PT Guna Timur Raya Tbk.,2018-05-23,2018,TRUK.JK
PZZA,PT Sarimelati Kencana Tbk.,2018-05-23,2018,PZZA.JK
TUGU,PT Asuransi Tugu Pratama Indonesia Tbk,2018-05-28,2018,TUGU.JK
MSIN,PT MNC Studios International Tbk.,2018-06-08,2018,MSIN.JK
SWAT,PT Sriwahana Adityakarta Tbk.,2018-06-08,2018,SWAT.JK
KPAL,PT Steadfast Marine Tbk,2018-06-08,2018,KPAL.JK
TNCA,PT Trimuda Nuansa Citra Tbk.,2018-06-28,2018,TNCA.JK
MAPA,PT MAP Aktif Adiperkasa Tbk.,2018-07-05,2018,MAPA.JK
TCPI,PT Transcoal Pacific Tbk.,2018-07-06,2018,TCPI.JK
IPCC,PT Indonesia Kendaraan Terminal Tbk.,2018-07-09,2018,IPCC.JK
RISE,PT Jaya Sukses Makmur Sentosa Tbk.,2018-07-09,2018,RISE.JK
BPTR,PT Batavia Prosperindo Trans Tbk.,2018-07-09,2018,BPTR.JK
POLL,PT Pollux Properti Indonesia Tbk.,2018-07-11,2018,POLL.JK
NFCX,PT NFC Indonesia Tbk,2018-07-12,2018,NFCX.JK
MGRO,PT Mahkota Group Tbk.,2018-07-12,2018,MGRO.JK
NUSA,PT Sinergi Megah Internusa Tbk,2018-07-12,2018,NUSA.JK
FILM,PT MD Pictures Tbk.,2018-08-07,2018,FILM.JK
ANDI,PT Andira Agro Tbk,2018-08-16,2018,ANDI.JK
LAND,PT Trimitra Propertindo Tbk.,2018-08-23,2018,LAND.JK
MOLI,PT Madusari Murni Indah Tbk.,2018-08-30,2018,MOLI.JK
PANI,PT Pratama Abadi Nusa Industri Tbk.,2018-09-18,2018,PANI.JK
DIGI,PT Arkadia Digital Media Tbk,2018-09-18,2018,DIGI.JK
CITY,PT Natura City Developments Tbk.,2018-09-28,2018,CITY.JK
SAPX,PT Satria Antaran Prima Tbk.,2018-10-03,2018,SAPX.JK
KPAS,PT Cottonindo Ariesta Tbk.,2018-10-05,2018,KPAS.JK
SURE,PT Super Energy Tbk.,2018-10-05,2018,SURE.JK
HKMU,PT HK Metals Utama Tbk,2018-10-09,2018,HKMU.JK
MPRO,PT Propertindo Mulia Investama Tbk.,2018-10-09,2018,MPRO.JK
DUCK,PT Jaya Bersama Indo Tbk.,2018-10-10,2018,DUCK.JK
GOOD,PT Garudafood Putra Putri Jaya Tbk.,2018-10-10,2018,GOOD.JK
SKRN,PT Superkrane Mitra Utama Tbk,2018-10-11,2018,SKRN.JK
YELO,PT Yelooo Integra Datanet Tbk.,2018-10-29,2018,YELO.JK
CAKK,PT Cahayaputra Asa Keramik Tbk.,2018-10-31,2018,CAKK.JK
SATU,PT Kota Satu Properti Tbk.,2018-11-05,2018,SATU.JK
SOSS,PT Shield On Service Tbk.,2018-11-06,2018,SOSS.JK
DEAL,PT Dewata Freightinternational Tbk.,2018-11-09,2018,DEAL.JK
POLA,PT Pool Advista Finance Tbk.,2018-11-16,2018,POLA.JK
DIVA,PT Distribusi Voucher Nusantara Tbk,2018-11-27,2018,DIVA.JK
LUCK,PT Sentral Mitra Informatika Tbk.,2018-11-28,2018,LUCK.JK
URBN,PT Urban Jakarta Propertindo Tbk.,2018-12-10,2018,URBN.JK
SOTS,PT Satria Mega Kencana Tbk.,2018-12-10,2018,SOTS.JK
ZONE,PT Mega Perintis Tbk.,2018-12-12,2018,ZONE.JK
PEHA,PT Phapros Tbk.,2018-12-26,2018,PEHA.JK
FOOD,PT Sentra Food Indonesia Tbk.,2019-01-08,2019,FOOD.JK
BEEF,PT Estika Tata Tiara Tbk.,2019-01-10,2019,BEEF.JK
POLI,PT Pollux Investasi Internasional Tbk.,2019-01-10,2019,POLI.JK
CLAY,PT Citra Putra Realty Tbk,2019-01-18,2019,CLAY.JK
NATO,PT Surya Permata Nusantara Properti Tbk,2019-01-18,2019,NATO.JK
JAYA,PT Armada Berjaya Trans Tbk.,2019-02-21,2019,JAYA.JK
COCO,PT Wahana Interfood Nusantara Tbk.,2019-03-20,2019,COCO.JK
MTPS,PT Meta Epsi Tbk.,2019-04-10,2019,MTPS.JK
CPRI,PT Capri Nusa Satu Properti Tbk.,2019-04-11,2019,CPRI.JK
HRME,PT Menteng Heritage Realty Tbk.,2019-04-12,2019,HRME.JK
POSA,PT Bliss Properti Indonesia Tbk.,2019-05-10,2019,POSA.JK
JAST,PT Jasnita Telekomindo Tbk.,2019-05-16,2019,JAST.JK
FITT,PT Hotel Fitra International Tbk,2019-06-11,2019,FITT.JK
BOLA,PT Bali Bintang Sejahtera Tbk.,2019-06-17,2019,BOLA.JK
CCSI,PT Communication Cable Systems Indonesia Tbk.,2019-06-18,2019,CCSI.JK
SFAN,PT Surya Fajar Capital Tbk,2019-06-19,2019,SFAN.JK
POLU,PT Golden Flower Tbk.,2019-06-26,2019,POLU.JK
KJEN,PT Krida Jaringan Nusantara Tbk.,2019-07-01,2019,KJEN.JK
KAYU,PT Darmi Bersaudara Tbk.,2019-07-04,2019,KAYU.JK
ITIC,PT Indonesian Tobacco Tbk.,2019-07-04,2019,ITIC.JK
PAMG,PT Bima Sakti Pertiwi Tbk,2019-07-05,2019,PAMG.JK
IPTV,PT MNC Vision Networks Tbk.,2019-07-08,2019,IPTV.JK
BLUE,PT Berkah Prima Perkasa Tbk,2019-07-08,2019,BLUE.JK
ENVY,PT Envy Technologies Indonesia Tbk,2019-07-08,2019,ENVY.JK
EAST,PT Eastparc Hotel Tbk,2019-07-09,2019,EAST.JK
LIFE,PT Asuransi Jiwa Sinarmas MSIG Tbk.,2019-07-09,2019,LIFE.JK
FUJI,PT Fuji Finance Indonesia Tbk.,2019-07-09,2019,FUJI.JK
KOTA,PT DMS Propertindo Tbk.,2019-07-09,2019,KOTA.JK
INOV,PT Inocycle Technology Group Tbk.,2019-07-10,2019,INOV.JK
ARKA,PT Arkha Jayanti Persada Tbk.,2019-07-10,2019,ARKA.JK
SMKL,PT Satyamitra Kemas Lestari Tbk,2019-07-11,2019,SMKL.JK
HDIT,PT Hensel Davest Indonesia Tbk,2019-07-12,2019,HDIT.JK
KEEN,PT Kencana Energi Lestari Tbk.,2019-09-02,2019,KEEN.JK
BAPI,PT Bhakti Agung Propertindo Tbk.,2019-09-16,2019,BAPI.JK
TFAS,PT Telefast Indonesia Tbk.,2019-09-17,2019,TFAS.JK
GGRP,PT Gunung Raja Paksi Tbk.,2019-09-19,2019,GGRP.JK
OPMS,PT Optima Prima Metal Sinergi Tbk.,2019-09-23,2019,OPMS.JK
NZIA,"PT Nusantara Almazia, Tbk.",2019-09-25,2019,NZIA.JK
SLIS,PT Gaya Abadi Sempurna Tbk,2019-10-07,2019,SLIS.JK
PURE,PT Trinitan Metals and Minerals Tbk,2019-10-09,2019,PURE.JK
IRRA,PT Itama Ranoraya Tbk.,2019-10-15,2019,IRRA.JK
DMMX,PT Digital Mediatama Maxima Tbk,2019-10-21,2019,DMMX.JK
SINI,PT Singaraja Putra Tbk.,2019-11-08,2019,SINI.JK
WOWS,PT Ginting Jaya Energi Tbk,2019-11-08,2019,WOWS.JK
ESIP,PT Sinergi Inti Plastindo Tbk.,2019-11-14,2019,ESIP.JK
TEBE,PT Dana Brata Luhur Tbk.,2019-11-18,2019,TEBE.JK
KEJU,PT Mulia Boga Raya Tbk,2019-11-25,2019,KEJU.JK
PSGO,PT Palma Serasih Tbk.,2019-11-25,2019,PSGO.JK
AGAR,PT Asia Sejahtera Mina Tbk,2019-12-02,2019,AGAR.JK
IFSH,PT Ifishdeco Tbk.,2019-12-05,2019,IFSH.JK
REAL,PT Repower Asia Indonesia Tbk.,2019-12-06,2019,REAL.JK
IFII,PT Indonesia Fibreboard Industry Tbk,2019-12-10,2019,IFII.JK
PMJS,PT Putra Mandiri Jembar Tbk,2019-12-18,2019,PMJS.JK
UCID,PT Uni-Charm Indonesia Tbk.,2019-12-20,2019,UCID.JK
GLVA,PT Galva Technologies Tbk,2019-12-23,2019,GLVA.JK
PGJO,PT Tourindo Guide Indonesia Tbk.,2020-01-08,2020,PGJO.JK
AMAR,PT Bank Amar Indonesia Tbk.,2020-01-09,2020,AMAR.JK
CSRA,PT Cisadane Sawit Raya Tbk.,2020-01-09,2020,CSRA.JK
INDO,PT Royalindo Investa Wijaya Tbk,2020-01-13,2020,INDO.JK
AMOR,PT Ashmore Asset Management Indonesia Tbk.,2020-01-14,2020,AMOR.JK
TRIN,PT Perintis Triniti Properti Tbk,2020-01-15,2020,TRIN.JK
DMND,PT Diamond Food Indonesia Tbk.,2020-01-22,2020,DMND.JK
PURA,PT Putra Rajawali Kencana Tbk,2020-01-29,2020,PURA.JK
PTPW,PT Pratama Widya Tbk.,2020-02-07,2020,PTPW.JK
TAMA,PT Lancartama Sejati Tbk.,2020-02-10,2020,TAMA.JK
IKAN,PT Era Mandiri Cemerlang Tbk,2020-02-12,2020,IKAN.JK
AYLS,PT Agro Yasa Lestari Tbk,2020-02-12,2020,AYLS.JK
DADA,PT Diamond Citra Propertindo Tbk.,2020-02-14,2020,DADA.JK
ASPI,PT Andalan Sakti Primaindo Tbk.,2020-02-17,2020,ASPI.JK
ESTA,PT Esta Multi Usaha Tbk.,2020-03-09,2020,ESTA.JK
BESS,PT Batulicin Nusantara Maritim Tbk.,2020-03-09,2020,BESS.JK
AMAN,PT Makmur Berkah Amanda Tbk.,2020-03-13,2020,AMAN.JK
CARE,PT Metro Healthcare Indonesia Tbk,2020-03-13,2020,CARE.JK
SAMF,PT Saraswanti Anugerah Makmur Tbk.,2020-03-31,2020,SAMF.JK
SBAT,PT Sejahtera Bintang Abadi Textile Tbk.,2020-04-08,2020,SBAT.JK
KBAG,PT Karya Bersama Anugerah Tbk,2020-04-08,2020,KBAG.JK
CBMF,PT Cahaya Bintang Medan Tbk,2020-04-09,2020,CBMF.JK
CSMI,PT Cipta Selera Murni Tbk.,2020-04-09,2020,CSMI.JK
RONY,PT Aesler Grup Internasional Tbk,2020-04-09,2020,RONY.JK
BBSS,PT Bumi Benowo Sukses Sejahtera Tbk,2020-04-15,2020,BBSS.JK
BHAT,PT Bhakti Multi Artha Tbk.,2020-04-15,2020,BHAT.JK
CASH,PT Cashlez Worldwide Indonesia Tbk.,2020-05-04,2020,CASH.JK
TECH,PT Indosterling Technomedia Tbk,2020-06-04,2020,TECH.JK
EPAC,PT Megalestari Epack Sentosaraya Tbk.,2020-07-01,2020,EPAC.JK
UANG,PT Pakuan Tbk,2020-07-06,2020,UANG.JK
PGUN,PT Pradiksi Gunatama Tbk,2020-07-07,2020,PGUN.JK
SOFA,PT Boston Furniture Industries Tbk..,2020-07-07,2020,SOFA.JK
PPGL,PT Prima Globalindo Logistik Tbk.,2020-07-20,2020,PPGL.JK
TOYS,PT Sunindo Adipersada Tbk.,2020-08-06,2020,TOYS.JK
SGER,PT Sumber Global Energy Tbk.,2020-08-10,2020,SGER.JK
TRJA,PT Transkon Jaya Tbk.,2020-08-27,2020,TRJA.JK
PNGO,PT Pinago Utama Tbk,2020-08-31,2020,PNGO.JK
SCNP,PT Selaras Citra Nusantara Perkasa Tbk,2020-09-07,2020,SCNP.JK
BBSI,PT Bank Bisnis Internasional Tbk.,2020-09-07,2020,BBSI.JK
KMDS,PT Kurniamitra Duta Sentosa Tbk.,2020-09-07,2020,KMDS.JK
PURI,PT Puri Global Sukses Tbk,2020-09-08,2020,PURI.JK
SOHO,PT Soho Global Health Tbk,2020-09-08,2020,SOHO.JK
HOMI,PT Grand House Mulia Tbk,2020-09-10,2020,HOMI.JK
ROCK,PT Rockfields Properti Indonesia Tbk.,2020-09-10,2020,ROCK.JK
ENZO,PT Morenzo Abadi Perkasa Tbk,2020-09-14,2020,ENZO.JK
PLAN,PT Planet Properindo Jaya Tbk,2020-09-15,2020,PLAN.JK
PTDU,PT Djasa Ubersakti Tbk,2020-12-08,2020,PTDU.JK
ATAP,PT Trimitra Prawara Goldland Tbk,2020-12-11,2020,ATAP.JK
VICI,PT Victoria Care Indonesia Tbk,2020-12-17,2020,VICI.JK
PMMP,PT Panca Mitra Multiperdana Tbk.,2020-12-18,2020,PMMP.JK
WIFI,PT Solusi Sinergi Digital Tbk,2020-12-30,2020,WIFI.JK
FAPA,PT FAP Agri Tbk,2021-01-04,2021,FAPA.JK
DGNS,PT Diagnos Laboratorium Utama Tbk,2021-01-15,2021,DGNS.JK
BANK,PT Bank Aladin Syariah Tbk,2021-02-01,2021,BANK.JK
UFOE,PT Damai Sejahtera Abadi Tbk,2021-02-01,2021,UFOE.JK
WMUU,PT Widodo Makmur Unggas Tbk,2021-02-02,2021,WMUU.JK
EDGE,PT Indointernet Tbk.,2021-02-08,2021,EDGE.JK
UNIQ,PT Ulima Nitra Tbk,2021-03-08,2021,UNIQ.JK
BEBS,PT Berkah Beton Sadaya Tbk,2021-03-10,2021,BEBS.JK
SNLK,PT Sunter Lakeside Hotel Tbk.,2021-03-29,2021,SNLK.JK
ZYRX,PT Zyrexindo Mandiri Buana Tbk,2021-03-30,2021,ZYRX.JK
LFLO,PT Imago Mulia Persada Tbk,2021-04-07,2021,LFLO.JK
FIMP,PT Fimperkasa Utama Tbk,2021-04-09,2021,FIMP.JK
TAPG,PT Triputra Agro Persada Tbk.,2021-04-12,2021,TAPG.JK
NPGF,PT Nusa Palapa Gemilang Tbk,2021-04-14,2021,NPGF.JK
LUCY,PT Lima Dua Lima Tiga Tbk,2021-05-05,2021,LUCY.JK
HOPE,PT Harapan Duta Pertiwi Tbk.,2021-05-24,2021,HOPE.JK
MGLV,PT Panca Anugrah Wisesa Tbk,2021-06-08,2021,MGLV.JK
LABA,PT Green Power Group Tbk,2021-06-10,2021,LABA.JK
TRUE,PT Triniti Dinamik Tbk,2021-06-10,2021,TRUE.JK
ARCI,PT Archi Indonesia Tbk,2021-06-28,2021,ARCI.JK
IPAC,PT Era Graharealty Tbk,2021-06-30,2021,IPAC.JK
MASB,PT Bank Multiarta Sentosa Tbk,2021-06-30,2021,MASB.JK
BMHS,PT Bundamedik Tbk,2021-07-06,2021,BMHS.JK
FLMC,PT Falmaco Nonwoven Industri Tbk,2021-07-08,2021,FLMC.JK
NICL,PT PAM Mineral Tbk,2021-07-09,2021,NICL.JK
UVCR,PT Trimegah Karya Pratama Tbk.,2021-07-27,2021,UVCR.JK
BUKA,PT Bukalapak.com Tbk,2021-08-06,2021,BUKA.JK
HAIS,PT Hasnur Internasional Shipping Tbk,2021-09-01,2021,HAIS.JK
GPSO,PT Geoprima Solusi Tbk,2021-09-06,2021,GPSO.JK
OILS,PT Indo Oil Perkasa Tbk,2021-09-06,2021,OILS.JK
MCOL,PT Prima Andalan Mandiri Tbk,2021-09-07,2021,MCOL.JK
CMNT,PT Cemindo Gemilang Tbk,2021-09-08,2021,CMNT.JK
GTSI,PT GTS Internasional Tbk,2021-09-08,2021,GTSI.JK
RSGK,PT Kedoya Adyaraya Tbk,2021-09-08,2021,RSGK.JK
RUNS,PT Global Sukses Solusi Tbk,2021-09-08,2021,RUNS.JK
SBMA,PT Surya Biru Murni Acetylene Tbk,2021-09-08,2021,SBMA.JK
IDEA,PT Idea Indonesia Akademi Tbk,2021-09-09,2021,IDEA.JK
KUAS,PT Ace Oldfields Tbk,2021-10-25,2021,KUAS.JK
BOBA,PT Formosa Ingredient Factory Tbk,2021-11-01,2021,BOBA.JK
BINO,PT Perma Plasindo Tbk,2021-11-25,2021,BINO.JK
DEPO,PT Caturkarda Depo Bangunan Tbk,2021-11-25,2021,DEPO.JK
CMRY,PT Cisarua Mountain Dairy Tbk,2021-12-06,2021,CMRY.JK
TAYS,PT Jaya Swarasa Agung Tbk,2021-12-06,2021,TAYS.JK
WGSH,PT Wira Global Solusi Tbk,2021-12-06,2021,WGSH.JK
WMPP,PT Widodo Makmur Perkasa Tbk,2021-12-06,2021,WMPP.JK
RMKE,PT RMK Energy Tbk,2021-12-07,2021,RMKE.JK
AVIA,PT Avia Avian Tbk,2021-12-08,2021,AVIA.JK
OBMD,PT OBM Drilchem Tbk,2021-12-08,2021,OBMD.JK
IPPE,PT Indo Pureco Pratama Tbk,2021-12-09,2021,IPPE.JK
NASI,PT Wahana Inti Makmur Tbk,2021-12-13,2021,NASI.JK
BSML,PT Bintang Samudera Mandiri Lines Tbk,2021-12-16,2021,BSML.JK
DRMA,PT Dharma Polimetal Tbk,2021-12-20,2021,DRMA.JK
ADMR,PT Adaro Minerals Indonesia Tbk,2022-01-03,2022,ADMR.JK
SEMA,PT Semacom Integrated Tbk,2022-01-10,2022,SEMA.JK
ASLC,PT Autopedia Sukses Lestari Tbk,2022-01-25,2022,ASLC.JK
NETV,PT Net Visi Media Tbk,2022-01-26,2022,NETV.JK
BAUT,PT Mitra Angkasa Sejahtera Tbk,2022-01-28,2022,BAUT.JK
ENAK,PT Champ Resto Indonesia Tbk,2022-02-08,2022,ENAK.JK
NTBK,PT Nusatama Berkah Tbk,2022-02-09,2022,NTBK.JK
SMKM,PT Sumber Mas Konstruksi Tbk,2022-03-09,2022,SMKM.JK
NANO,PT Nanotech Indonesia Global Tbk,2022-03-10,2022,NANO.JK
STAA,PT Sumber Tani Agung Resources Tbk,2022-03-10,2022,STAA.JK
BIKE,PT Sepeda Bersama Indonesia Tbk,2022-03-21,2022,BIKE.JK
WIRG,PT WIR ASIA Tbk,2022-04-04,2022,WIRG.JK
SICO,PT Sigma Energy Compressindo Tbk,2022-04-08,2022,SICO.JK
GOTO,PT GoTo Gojek Tokopedia Tbk,2022-04-11,2022,GOTO.JK
TLDN,PT Teladan Prima Agro Tbk,2022-04-12,2022,TLDN.JK
MTMH,PT Murni Sadar Tbk,2022-04-20,2022,MTMH.JK
IBOS,PT Indo Boga Sukses Tbk,2022-04-25,2022,IBOS.JK
WINR,PT Winner Nusantara Jaya Tbk,2022-04-25,2022,WINR.JK
OLIV,PT Oscar Mitra Sukses Sejahtera Tbk,2022-05-17,2022,OLIV.JK
ASHA,PT Cilacap Samudera Fishing Industry Tbk,2022-05-27,2022,ASHA.JK
SWID,PT Saraswanti Indoland Development Tbk,2022-07-07,2022,SWID.JK
CHEM,PT Chemstar Indonesia Tbk,2022-07-08,2022,CHEM.JK
TRGU,PT Cerestar Indonesia Tbk,2022-07-08,2022,TRGU.JK
DEWI,PT Dewi Shri Farmindo Tbk,2022-07-18,2022,DEWI.JK
AXIO,PT Tera Data Indonusa Tbk,2022-07-20,2022,AXIO.JK
KRYA,PT Bangun Karya Perkasa Jaya Tbk,2022-07-25,2022,KRYA.JK
HATM,PT Habco Trans Maritima Tbk,2022-07-26,2022,HATM.JK
RCCC,PT Utama Radar Cahaya Tbk,2022-08-02,2022,RCCC.JK
GULA,PT Aman Agrindo Tbk,2022-08-03,2022,GULA.JK
AMMS,PT Agung Menjangan Mas Tbk,2022-08-04,2022,AMMS.JK
JARR,PT Jhonlin Agro Raya Tbk,2022-08-04,2022,JARR.JK
RAFI,PT Sari Kreasi Boga Tbk,2022-08-05,2022,RAFI.JK
EURO,PT Estee Gold Feet Tbk,2022-08-08,2022,EURO.JK
ELPI,PT Pelayaran Nasional Ekalya Purnamasari Tbk,2022-08-08,2022,ELPI.JK
KKES,PT Kusuma Kemindo Sentosa Tbk,2022-08-08,2022,KKES.JK
BUAH,PT Segar Kumala Indonesia Tbk,2022-08-09,2022,BUAH.JK
TOOL,PT Rohartindo Nusantara Luas Tbk,2022-08-09,2022,TOOL.JK
KLIN,PT Klinko Karya Imaji Tbk,2022-08-09,2022,KLIN.JK
MEDS,PT Hetzer Medical Indonesia Tbk,2022-08-10,2022,MEDS.JK
CRAB,PT Toba Surimi Industries Tbk,2022-08-10,2022,CRAB.JK
COAL,PT Black Diamond Resources Tbk,2022-09-07,2022,COAL.JK
BSBK,PT Wulandari Bangun Laksana Tbk,2022-11-08,2022,BSBK.JK
OMED,PT Jayamas Medica Industri Tbk,2022-11-08,2022,OMED.JK
MKTR,PT Menthobi Karyatama Raya Tbk,2022-11-08,2022,MKTR.JK
BELI,PT Global Digital Niaga Tbk,2022-11-08,2022,BELI.JK
CBUT,PT Citra Borneo Utama Tbk,2022-11-08,2022,CBUT.JK
PRAY,PT Famon Awal Bros Sedaya Tbk,2022-11-08,2022,PRAY.JK
KDTN,PT Puri Sentul Permai Tbk,2022-11-09,2022,KDTN.JK
PDPP,PT Primadaya Plastisindo Tbk,2022-11-09,2022,PDPP.JK
KETR,PT Ketrosden Triasmitra Tbk,2022-11-10,2022,KETR.JK
ZATA,PT Bersama Zatta Jaya Tbk,2022-11-10,2022,ZATA.JK
NINE,PT Techno9 Indonesia Tbk,2022-12-05,2022,NINE.JK
MMIX,PT Multi Medika Internasional Tbk,2022-12-06,2022,MMIX.JK
PADA,PT Personel Alih Daya Tbk,2022-12-08,2022,PADA.JK
ISAP,PT Isra Presisi Indonesia Tbk,2022-12-09,2022,ISAP.JK
VTNY,PT Venteny Fortuna International Tbk,2022-12-15,2022,VTNY.JK
SOUL,PT Mitra Tirta Buwana Tbk,2023-01-06,2023,SOUL.JK
ELIT,PT Data Sinergitama Jaya Tbk,2023-01-06,2023,ELIT.JK
BEER,PT Jobubu Jarum Minahasa Tbk,2023-01-06,2023,BEER.JK
CBPE,PT Citra Buana Prasida Tbk,2023-01-06,2023,CBPE.JK
SUNI,PT Sunindo Pratama Tbk,2023-01-09,2023,SUNI.JK
CBRE,PT Cakra Buana Resources Energi Tbk,2023-01-09,2023,CBRE.JK
WINE,PT Hatten Bali Tbk,2023-01-10,2023,WINE.JK
BMBL,PT Lavender Bina Cendikia Tbk,2023-01-11,2023,BMBL.JK
PEVE,PT Penta Valent Tbk,2023-01-24,2023,PEVE.JK
LAJU,PT Jasa Berdikari Logistics Tbk,2023-01-27,2023,LAJU.JK
FWCT,PT Wijaya Cahaya Timber Tbk,2023-02-01,2023,FWCT.JK
NAYZ,PT Hassana Boga Sejahtera Tbk,2023-02-06,2023,NAYZ.JK
IRSX,PT Aviana Sinar Abadi Tbk,2023-02-07,2023,IRSX.JK
PACK,PT Solusi Kemasan Digital Tbk,2023-02-08,2023,PACK.JK
VAST,PT Vastland Indonesia Tbk,2023-02-08,2023,VAST.JK
CHIP,PT Pelita Teknologi Global Tbk,2023-02-08,2023,CHIP.JK
HALO,PT Haloni Jane Tbk,2023-02-08,2023,HALO.JK
KING,PT Hoffmen Cleanindo Tbk,2023-02-16,2023,KING.JK
PGEO,PT Pertamina Geothermal Energy Tbk,2023-02-24,2023,PGEO.JK
FUTR,PT Lini Imaji Kreasi Ekosistem Tbk,2023-02-27,2023,FUTR.JK
HILL,PT Hillcon Tbk,2023-03-01,2023,HILL.JK
BDKR,PT Berdikari Pondasi Perkasa Tbk.,2023-03-03,2023,BDKR.JK
PTMP,PT Mitra Pack Tbk.,2023-03-06,2023,PTMP.JK
SAGE,PT Saptausaha Gemilangindah Tbk,2023-03-08,2023,SAGE.JK
TRON,PT Teknologi Karya Digital Nusa Tbk.,2023-03-08,2023,TRON.JK
CUAN,PT Petrindo Jaya Kreasi Tbk,2023-03-08,2023,CUAN.JK
NSSS,PT Nusantara Sawit Sejahtera Tbk,2023-03-10,2023,NSSS.JK
GTRA,PT Grahaprima Suksesmandiri Tbk,2023-03-30,2023,GTRA.JK
HAJJ,PT Arsy Buana Travelindo Tbk,2023-04-05,2023,HAJJ.JK
PIPA,PT Multi Makmur Lemindo Tbk.,2023-04-10,2023,PIPA.JK
NCKL,PT Trimegah Bangun Persada Tbk.,2023-04-12,2023,NCKL.JK
MENN,PT Menn Teknologi Indonesia Tbk.,2023-04-18,2023,MENN.JK
AWAN,PT Era Digital Media Tbk,2023-04-18,2023,AWAN.JK
RAAM,PT Tripar Multivision Plus Tbk.,2023-05-08,2023,RAAM.JK
DOOH,PT Era Media Sejahtera Tbk,2023-05-08,2023,DOOH.JK
JATI,PT Informasi Teknologi Indonesia Tbk.,2023-05-08,2023,JATI.JK
TYRE,PT King Tire Indonesia Tbk.,2023-05-08,2023,TYRE.JK
MPXL,PT MPX Logistics International Tbk,2023-05-09,2023,MPXL.JK
SMIL,PT Sarana Mitra Luas Tbk,2023-05-12,2023,SMIL.JK
KLAS,PT Pelayaran Kurnia Lautan Semesta Tbk,2023-06-12,2023,KLAS.JK
MAXI,PT Maxindo Karya Anugerah Tbk,2023-06-12,2023,MAXI.JK
VKTR,PT VKTR Teknologi Mobilitas Tbk,2023-06-19,2023,VKTR.JK
RELF,PT Graha Mitra Asia Tbk.,2023-06-22,2023,RELF.JK
AMMN,PT Amman Mineral Internasional Tbk.,2023-07-07,2023,AMMN.JK
CRSN,PT Carsurin Tbk,2023-07-10,2023,CRSN.JK
GRPM,PT Graha Prima Mentari Tbk.,2023-07-10,2023,GRPM.JK
WIDI,PT Widiant Jaya Krenindo Tbk.,2023-07-10,2023,WIDI.JK
TGUK,PT Platinum Wahab Nusantara Tbk.,2023-07-10,2023,TGUK.JK
INET,PT Sinergi Inti Andalan Prima Tbk.,2023-07-24,2023,INET.JK
MAHA,PT Mandiri Herindo Adiperkasa Tbk,2023-07-25,2023,MAHA.JK
RMKO,PT Royaltama Mulia Kontraktorindo Tbk.,2023-07-31,2023,RMKO.JK
CNMA,PT Nusantara Sejahtera Raya Tbk,2023-08-02,2023,CNMA.JK
FOLK,PT Multi Garam Utama Tbk.,2023-08-07,2023,FOLK.JK
HBAT,PT Minahasa Membangun Hebat Tbk,2023-08-07,2023,HBAT.JK
GRIA,PT Ingria Pratama Capitalindo Tbk,2023-08-08,2023,GRIA.JK
PPRI,PT Paperocks Indonesia Tbk.,2023-08-08,2023,PPRI.JK
ERAL,PT Sinar Eka Selaras Tbk,2023-08-08,2023,ERAL.JK
CYBR,PT ITSEC Asia Tbk.,2023-08-08,2023,CYBR.JK
MUTU,PT Mutuagung Lestari Tbk,2023-08-09,2023,MUTU.JK
LMAX,PT Lupromax Pelumas Indonesia Tbk.,2023-08-09,2023,LMAX.JK
HUMI,PT Humpuss Maritim Internasional Tbk,2023-08-09,2023,HUMI.JK
MSIE,PT Multisarana Intan Eduka Tbk,2023-08-10,2023,MSIE.JK
RSCH,PT Charlie Hospital Semarang Tbk.,2023-08-28,2023,RSCH.JK
BABY,PT Multitrend Indo Tbk.,2023-09-07,2023,BABY.JK
AEGS,PT Anugerah Spareparts Sejahtera Tbk.,2023-09-11,2023,AEGS.JK
IOTF,PT Sumber Sinergi Makmur Tbk,2023-10-06,2023,IOTF.JK
KOCI,PT Kokoh Exa Nusantara,2023-10-07,2023,KOCI.JK
PTPS,PT Pulau Subur Tbk.,2023-10-09,2023,PTPS.JK
BREN,PT Barito Renewables Energy Tbk.,2023-10-09,2023,BREN.JK
STRK,PT Lovina Beach Brewery Tbk.,2023-10-10,2023,STRK.JK
KOKA,PT Koka Indonesia Tbk.,2023-10-11,2023,KOKA.JK
LOPI,PT Logisticsplus International Tbk,2023-10-11,2023,LOPI.JK
UDNG,PT Agro Bahari Nusantara Tbk,2023-10-31,2023,UDNG.JK
RGAS,PT Kian Santang Muliatama Tbk.,2023-11-08,2023,RGAS.JK
MSTI,PT Mastersystem Infotama Tbk.,2023-11-08,2023,MSTI.JK
IKPM,PT Ikapharmindo Putramas Tbk.,2023-11-08,2023,IKPM.JK
AYAM,PT Janu Putra Sejahtera Tbk.,2023-11-30,2023,AYAM.JK
SURI,PT Maja Agung Latexindo Tbk.,2023-12-07,2023,SURI.JK
ASLI,PT Asri Karya Lestari Tbk.,2024-01-05,2024,ASLI.JK
CGAS,PT Citra Nusantara Gemilang Tbk.,2024-01-08,2024,CGAS.JK
NICE,PT Adhi Kartiko Pratama Tbk,2024-01-09,2024,NICE.JK
MSJA,PT Multi Spunindo Jaya Tbk.,2024-01-10,2024,MSJA.JK
SMLE,PT Sinergi Multi Lestarindo Tbk,2024-01-10,2024,SMLE.JK
ACRO,PT Samcro Hyosung Adilestari Tbk.,2024-01-11,2024,ACRO.JK
MANG,PT Manggung Polahraya Tbk,2024-01-11,2024,MANG.JK
GRPH,PT Griptha Putra Persada Tbk.,2024-01-18,2024,GRPH.JK
SMGA,PT Sumber Mineral Global Abadi Tbk,2024-01-30,2024,SMGA.JK
UNTD,PT Terang Dunia Internusa Tbk.,2024-02-07,2024,UNTD.JK
TOSK,PT Topindo Solusi Komunika Tbk.,2024-02-07,2024,TOSK.JK
MPIX,PT Mitra Pedagang Indonesia Tbk.,2024-02-07,2024,MPIX.JK
ALII,PT Ancara Logistics Indonesia Tbk,2024-02-07,2024,ALII.JK
MKAP,PT Multikarya Asia Pasifik Raya Tbk,2024-02-12,2024,MKAP.JK
MEJA,PT Harta Djaya Karya Tbk,2024-02-12,2024,MEJA.JK
LIVE,PT Homeco Victoria Makmur Tbk,2024-02-12,2024,LIVE.JK
HYGN,PT Ecocare Indo Pasifik Tbk.,2024-02-13,2024,HYGN.JK
BAIK,PT Bersama Mencapai Puncak Tbk.,2024-02-15,2024,BAIK.JK
VISI,PT Satu Visi Putra Tbk.,2024-02-27,2024,VISI.JK
AREA,PT Dunia Virtual Online Tbk,2024-04-01,2024,AREA.JK
MHKI,PT Multi Hanna Kreasindo Tbk,2024-04-16,2024,MHKI.JK
ATLA,PT Atlantis Subsea Indonesia Tbk,2024-04-16,2024,ATLA.JK
DATA,PT Remala Abadi Tbk,2024-05-07,2024,DATA.JK
SOLA,PT Xolare RCR Energy Tbk,2024-05-08,2024,SOLA.JK
BATR,PT Benteng Api Technic Tbk,2024-06-10,2024,BATR.JK
SPRE,PT Soraya Berjaya Indonesia Tbk,2024-07-03,2024,SPRE.JK
PART,PT Cipta Perdana Lancar Tbk,2024-07-05,2024,PART.JK
GOLF,PT Intra GolfLink Resorts Tbk,2024-07-08,2024,GOLF.JK
ISEA,PT Indo American Seafoods Tbk,2024-07-08,2024,ISEA.JK
BLES,PT Superior Prima Sukses Tbk,2024-07-08,2024,BLES.JK
GUNA,PT Gunanusa Eramandiri Tbk,2024-07-09,2024,GUNA.JK
LABS,PT UBC Medical Indonesia Tbk,2024-07-10,2024,LABS.JK
DOSS,PT Global Sukses Digital Tbk,2024-08-07,2024,DOSS.JK
NEST,PT Esta Indonesia Tbk,2024-08-08,2024,NEST.JK
PTMR,PT Master Print Tbk,2024-10-08,2024,PTMR.JK
VERN,PT Verona Indah Pictures Tbk,2024-10-08,2024,VERN.JK
DAAZ,PT Daaz Bara Lestari Tbk,2024-11-11,2024,DAAZ.JK
BOAT,PT Newport Marine Services Tbk,2024-11-12,2024,BOAT.JK
NAIK,PT Adiwarna Anugerah Abadi Tbk,2024-11-13,2024,NAIK.JK
AADI,PT Adaro Andalan Indonesia Tbk,2024-12-05,2024,AADI.JK
MDIY,PT Daya Intiguna Yasa Tbk,2024-12-19,2024,MDIY.JK
YOII,PT Asuransi Digital Bersama Tbk,2025-01-08,2025,YOII.JK
KSIX,PT Kentanix Supra International Tbk,2025-01-08,2025,KSIX.JK
RATU,PT Raharja Energi Cepu Tbk,2025-01-08,2025,RATU.JK
MINE,PT Sinar Terang Mandiri Tbk,2025-02-10,2025,MINE.JK
OBAT,PT Obat Herbal Alami Tbk,2025-03-12,2025,OBAT.JK
YUPI,PT Yupi Indo Jelly Gum Tbk,2025-03-25,2025,YUPI.JK
DGWG,PT Dunia Gula Wisesa Tbk,2025-05-20,2025,DGWG.JK
EMAS,PT Emas Mulia Abadi Tbk,2025-06-15,2025,EMAS.JK
JECX,PT Jantra Eka Cemerlang Tbk,2025-07-07,2025,JECX.JK
JELI,PT Panca Anugrah Wisesa - INACO,2025-07-08,2025,JELI.JK
CDIA,PT Chandra Daya Investasi Tbk,2025-07-09,2025,CDIA.JK
COIN,PT Indokripto Koin Semesta Tbk,2025-07-09,2025,COIN.JK
RANS,PT RANS Entertainment Indonesia Tbk,2026-07-10,2026,RANS.JK
PJHB,PT Pelayaran Jaya Hidup Bersama Tbk,2026-07-15,2026,PJHB.JK
